[
  {
    "name": "lv_default",
    "model": "predatorprey",
    "y0": [
      1.0,
      0.5
    ],
    "tspan": [
      0.0,
      40.0
    ],
    "dt": 0.01,
    "backend": "auto",
    "stiff": false,
    "params": {
      "alpha": 1.0,
      "beta": 0.1,
      "delta": 0.075,
      "gamma": 1.5
    }
  },
  {
    "name": "duffing_chaotic",
    "model": "duffing",
    "y0": [
      0.1,
      0.0
    ],
    "tspan": [
      0.0,
      40.0
    ],
    "dt": 0.01,
    "backend": "auto",
    "stiff": false,
    "params": {
      "delta": 0.2,
      "alpha": -1.0,
      "beta": 1.0,
      "gamma": 0.3,
      "omega": 1.2
    }
  },
  {
    "name": "sir_medium",
    "model": "sir",
    "y0": [
      0.99,
      0.01,
      0.0
    ],
    "tspan": [
      0.0,
      160.0
    ],
    "dt": 0.2,
    "backend": "auto",
    "stiff": false,
    "params": {
      "beta": 0.5,
      "gamma": 0.2
    }
  },
  {
    "name": "lorenz_classic",
    "model": "lorenz63",
    "y0": [
      1.0,
      1.0,
      1.0
    ],
    "tspan": [
      0.0,
      25.0
    ],
    "dt": 0.01,
    "backend": "auto",
    "stiff": false,
    "params": {
      "sigma": 10.0,
      "rho": 28.0,
      "beta": 2.6666666666666665
    }
  },
  {
    "name": "rossler_classic",
    "model": "rossler",
    "y0": [
      0.1,
      0.1,
      0.1
    ],
    "tspan": [
      0.0,
      80.0
    ],
    "dt": 0.01,
    "backend": "auto",
    "stiff": false,
    "params": {
      "a": 0.2,
      "b": 0.2,
      "c": 5.7
    }
  }
]